,bbox_west,bbox_south,bbox_east,bbox_north
Albury_Wodonga_2020_3_GM,146.6683565,-36.28514911,147.1213092,-35.97153447
Armidale_2020_01_GM,151.5989034,-30.56725108,151.7058077,-30.46075895
Armidale_2020_2_GM,151.5763877,-30.58457768,151.7507461,-30.44568455
ARTC_NS2B_2020_1_GM,150.3924555,-28.91386893,150.5147435,-28.61100276
Ballina_2020_1_GM,153.4698916,-28.90951343,153.6422569,-28.5296946
Batemans_Bay_2020_1_GM,150.0908015,-35.86584188,150.4302796,-35.43667666
BatemansBay_2020_1_GM,150.1619736,-35.7331615,150.2130099,-35.67560498
Bathurst_2020_1_GM,149.5050949,-33.4668239,149.6683861,-33.35216103
Batlow_2020_1_GM,148.1165905,-35.54517848,148.1806153,-35.49721711
Bega_2020_1_GM,149.814207,-36.70173288,149.845406,-36.63553112
Berridale_2020_1_GM,148.8089401,-36.37873895,148.8482828,-36.35578269
BewongWandandian_2020_1_GM,150.4908065,-35.10815037,150.5390951,-35.07367614
Bodalla_2020_1_GM,150.0402619,-36.1110546,150.0647372,-36.07915858
Bombala_2020_1_GM,149.2094253,-36.9340052,149.2681818,-36.88720531
Broken_Hill_2020_1_GM,141.2962597,-32.09676524,141.6019635,-31.86851874
BrokenHill_2020_1_GM,141.4016749,-32.00770255,141.5128824,-31.91771695
Brungle_2020_1_GM,148.2133437,-35.16681374,148.2457794,-35.13868007
ByronBay_2020_1_GM,153.5430387,-28.71160301,153.6507861,-28.60834042
Cessnock_2020_1_GM,151.2949186,-32.88412366,151.3985544,-32.79188551
Cobar_2020_1_GM,145.7648192,-31.5834796,145.8967056,-31.44156874
ConjolaYatteYattah_2020_1_GM,150.4188034,-35.26536431,150.4445,-35.21037031
Cooma_2020_1_GM,149.0978091,-36.25912085,149.1614175,-36.19763165
Cowra_2020_2_GM,148.6113398,-33.88792108,148.7348108,-33.76452155
DolphinPoint_2020_1_GM,150.3822095,-35.45180758,150.4660527,-35.33427125
Dubbo_2020_1_GM,148.5391606,-32.32050489,148.6953195,-32.15793406
Eden_2020_1_GM,149.8718419,-37.08535917,149.9145818,-37.02755203
EdwardRiver_2020_1_GM,145.1418876,-35.35370746,145.2072813,-35.26489181
EdwardRiver_2020_2_GM,144.8770823,-35.59303478,145.0396067,-35.46902272
EdwardRiver_2020_3_GM,144.8035971,-35.2414849,144.8321988,-35.18826179
EdwardRiver_2020_4_GM,144.0304842,-35.74373418,145.5889735,-34.99377092
EdwardRiver_2020_5_GM,144.1048136,-35.02011492,145.6164573,-34.71644264
EV_Dubbo_2020_2_GM,148.5591888,-32.30889836,148.6910248,-32.19740451
EV_Fairfield_2020_1_GM,150.750618,-33.98643932,151.0582371,-33.73090701
EV_MtSelwyn_2020_1_GM,148.3593734,-36.00249232,148.5571289,-35.82449434
EV_Mulgoa_2020_1_GM,150.5150986,-33.95996058,150.8007471,-33.74089984
EV_Orange_2020_1_GM,149.0099679,-33.44836805,149.2736435,-33.19129441
EV_SutherlandShire_2020_1_GM,150.9803009,-34.11127577,151.2879182,-33.94734729
EV_Sydney_2020_1_GM,150.9833908,-34.110423,151.3349533,-33.72748063
EV_Tamworth_2020_1_GM,150.8021164,-31.19615529,151.1317063,-30.97024996
EV_WaggaWagga_2020_1_GM,147.1642684,-35.2179403,147.5597763,-34.98415927
Fairfield_2020_1_GM_NIR,150.6479406,-33.93750443,151.0188703,-33.80694835
Fairfield_2020_2_GM,150.6479406,-33.93750443,151.0188703,-33.80694835
Grafton_2020_1_GM,152.8749005,-29.75670438,152.9967754,-29.61444351
Greater_Lithgow_2020_1_GM,150.0368011,-33.55307898,150.2630027,-33.39581924
Griffith_2020_1_GM,145.9425302,-34.3717232,146.243435,-34.20631235
Inverell_2020_1_GM,151.0219788,-29.89978547,151.203171,-29.71196227
Khancoban_2020_1_GM,148.096038,-36.23763521,148.1600981,-36.19227978
Lismore_2020_1_GM,153.2431914,-28.86450081,153.3558895,-28.76877745
Lithgow_2020_1_GM_NIR,150.094421,-33.61426458,150.280669,-33.4661216
Lithgow_2020_2_GM,150.094421,-33.61426458,150.280669,-33.4661216
Maitland_2020_1_GM,151.4581103,-32.90575147,151.9064207,-32.62974612
Maitland_2020_2_GM,151.2877694,-32.87625676,151.7535355,-32.60214563
Michelago_2020_1_GM,149.1376523,-35.73246479,149.2002446,-35.66372591
Mogo_2020_1_GM,150.1286081,-35.79744278,150.1534276,-35.77075932
Moree_2020_1_GM,149.6947645,-29.63248681,149.9420256,-29.39178086
Moruya_2020_1_GM,150.07177,-35.93641788,150.1140281,-35.86965318
Muswellbrook_2020_1_GM,150.8235271,-32.30121555,150.9319202,-31.97516007
Nambucca_2020_1_GM,152.3982263,-30.93131027,153.0237366,-30.48872134
Narooma_2020_1_GM,150.1036459,-36.23302221,150.1390499,-36.18782599
Newcastle_2020_1_GM,151.1682775,-33.62000169,151.8131339,-32.80426783
Newcastle_2020_2_GM,151.5234936,-33.06613342,151.8408202,-32.8556678
Nowra_2020_1_GM,150.4792414,-34.99334554,150.7873235,-34.7916568
Oberon_2020_1_GM,149.7998633,-33.75390922,149.9071841,-33.66570598
Orange_2020_1_GM,149.0063282,-33.36656159,149.184399,-33.2014265
Parkes_2020_1_GM,148.0461752,-33.19894794,148.2409131,-33.07670578
Parramatta_2020_1_GM,150.983206,-33.83097612,151.0334939,-33.80325527
Port_Macquarie_2020_1_GM,152.8063855,-31.51039957,152.9402948,-31.38519943
PortMacquarie_2020_1_GM,152.6883524,-31.55177408,153.1068281,-30.84168953
Singleton_2020_1_GM,150.8502715,-32.60055748,151.218137,-32.22551539
Snowy_Monaro_2020_1_GM,148.78915,-36.39119056,148.8709352,-36.34124235
Snowy_Monaro_2020_2_GM,149.1750447,-36.94632533,149.275752,-36.8777637
Snowy_Monaro_2020_3_GM,149.0533437,-36.2682597,149.1721548,-36.14599743
Snowy_Monaro_2020_4_GM,149.1138277,-35.73342198,149.2072673,-35.65884319
SnowyMountains_2020_1_GM,148.2470158,-36.53573807,148.7443347,-36.25244132
Snowy_Valley_2020_1_GM,147.6868796,-36.80677051,148.8167851,-35.07172918
Sutherland_Shire_1_GM,150.906955,-34.18214065,151.2351441,-33.9639095
Sutherland_Shire_1_GM_NIR,150.906955,-34.18214065,151.2351441,-33.9639095
Sydney_2020_01_GM,151.0923658,-34.03007264,151.2247468,-33.7797826
Sydney_2020_10_GM,150.5359257,-34.02197545,150.7765328,-33.77300213
Sydney_2020_11_GM,150.7702761,-34.02492422,150.9451068,-33.7797761
Sydney_2020_2_GM,150.9284556,-34.02951724,151.1006555,-33.7746813
Sydney_2020_3_GM,150.8867013,-34.01444252,151.3149256,-33.74632309
Sydney_2020_4_GM,150.5785066,-34.19218323,151.3326741,-33.56702085
Sydney_2020_5_GM,151.2465041,-33.78837735,151.3470679,-33.56815598
Sydney_2020_6_GM,150.943225,-33.78771224,151.2509576,-33.56351032
Sydney_2020_7_GM,150.7101917,-33.78306423,150.8796087,-33.56783788
Sydney_2020_8_GM,151.0391747,-34.03227626,151.310413,-33.78467763
Sydney_2020_9_GM,150.9371115,-34.02879107,151.0447715,-33.78302716
Sydney_Area_1_2020_1_GM,151.2142965,-34.03179276,151.3186252,-33.77925665
Sydney_Area_2_2020_1_GM,150.5610957,-34.02527465,150.9360037,-33.76840119
Sydney_Area_3_2020_1_GM,150.9339657,-33.78980565,151.3478381,-33.56383179
Sydney_Area_4_2020_1_GM,150.5666092,-33.78567338,150.9434033,-33.56476873
Sydney_CBD_Area_1_2020_1_GM,150.9921246,-33.83162053,151.0304191,-33.80568691
Sydney_CBD_Area_2_2020_1_GM,151.1687185,-33.8079292,151.1920969,-33.78486305
Sydney_CBD_Area_3_2020_1_GM,151.194504,-33.88347266,151.223685,-33.83094782
Sydney_West_2020_1_GM,150.8182295,-34.01044227,151.1288334,-33.70223986
Talbingo_2020_1_GM,148.2825069,-35.62864656,148.323749,-35.56561419
Tamworth_2020_1_GM,150.8051563,-31.17843912,151.008517,-30.99941976
Tamworth_2020_3_GM,150.8081774,-31.18350449,151.0130406,-31.00915565
Tumbarumba_2020_1_GM,147.9499158,-35.82654556,148.0485767,-35.73275984
Tumut_2020_1_GM,148.1695755,-35.3418852,148.2661764,-35.27267117
Tweed_2020_1_GM,153.1009094,-28.56661544,153.6041023,-28.11761922
TweedHeads_2020_1_GM,153.3322415,-28.31477697,153.5920123,-28.05145266
Wagga_Wagga_2020_1_GM_NIR,147.2294717,-35.26109353,147.5613402,-34.99729021
Wagga_Wagga_2020_3_GM,147.2566894,-35.24193207,147.4972576,-35.02597296
Western_Sydney_2020_1_GM,150.519831,-34.30936429,151.0095688,-33.51912783
Western_Sydney_2020_1_GM_NIR,150.519831,-34.30936429,151.0095688,-33.51912783
Wilcannia_2020_1_GM,143.3140329,-31.5866449,143.4167728,-31.5044476
Williamtown_2020_1_GM,151.7040475,-32.86705354,152.0021653,-32.72093387
Wollongong_2020_1_GM,150.5963407,-34.79897563,151.0981822,-34.11336141
Wollongong_2020_1_GM_NIR,150.5963407,-34.79897563,151.0981822,-34.11336141
Yamba_2020_1_GM,153.1607695,-29.5020622,153.3973088,-29.35155867
Yass_2020_1_GM,148.783795,-35.0258638,149.148219,-34.7306282
Albury_Wodonga_2021_1_GM,146.6579458,-36.29420938,147.1293964,-35.89354895
Armidale_2021_1_GM,151.549262,-30.59944589,151.7763662,-30.43349278
ARTC_N2N_S1_2021_1_GM,148.1751483,-32.44471176,148.6476241,-31.56267105
ARTC_N2N_S2_Area4_2021_1_GM,148.5248347,-31.56338977,149.0086337,-30.86898341
ARTC_N2N_S3_2021_1_GM,149.0083063,-30.9503044,149.6152418,-30.48631059
ARTC_N2N_S4_2021_1_GM,149.6148793,-30.5110335,149.8068913,-30.27170305
Ballina_Byron_2021_1_GM,153.2060647,-28.91116969,153.6093532,-28.42140224
Ballina_Byron_2021_2_GM,153.5385884,-28.82632616,153.6393999,-28.42148914
BallinaByron_2021_3_GM,153.2091708,-28.91214104,153.641592,-28.40556688
Bathurst_2021_1_GM,149.4968422,-33.47107641,149.6762907,-33.3517551
Braidwood_2021_1_GM,149.7117657,-35.49448759,149.8577223,-35.37791943
BrokenHill_2021_2_GM,141.3835466,-32.01398392,141.5106477,-31.90711201
CaptainsFlat_2021_1_GM,149.3878197,-35.6261266,149.505941,-35.54823906
CentralCoast_2021_1_GM,151.1170165,-33.61878085,151.6920844,-32.99807392
CentralCoast_2021_2_GM,151.4093329,-33.1594408,151.6560694,-32.96219583
Coffs_Harbour_2021_1_GM,153.0072098,-30.40182574,153.244282,-29.96098891
Deniliquin_2021_1_GM,144.8949872,-35.58947367,145.0360498,-35.48547684
DiamondBeach_2021_1_GM,152.5014472,-32.11755341,152.5770603,-31.80298725
Forster_2021_1_GM,152.4973706,-32.27070244,152.5719256,-32.17232746
Goulburn_2021_1_GM,149.6479787,-34.83604033,150.4056992,-34.58790003
Goulburn_2021_3_GM,150.149375,-34.62899552,150.5942891,-34.47964033
Goulburn_2021_4_GM,150.2497788,-34.48905532,150.8373451,-34.12795995
Grafton_2021_1_GM,152.8549543,-29.76783582,153.0116124,-29.60340716
Greater_Hunter_2021_1_GM,150.7429363,-32.83985775,151.3365579,-31.96003366
Kempsey_2021_1_GM,152.7092818,-31.14234423,152.9764911,-31.00234361
kempsey_2021_1_GM_NIR,152.7092818,-31.14234423,152.9764911,-31.00234361
Maitland_2021_10_GM,151.3882647,-32.81596816,151.7540644,-32.70431786
Maitland_2021_10_GM_CIR,151.3882647,-32.81596816,151.7540644,-32.70431786
Maitland_2021_12_GM,151.3884212,-32.70750738,151.6593126,-32.60458974
Maitland_2021_12_GM_CIR,151.3884212,-32.70750738,151.6593126,-32.60458974
Maitland_2021_2_GM,151.3992203,-32.75000828,151.7256286,-32.60568688
Maitland_2021_3_GM,151.4029874,-32.81048026,151.7446206,-32.70491345
Muswellbrook_2021_1_GM,150.8490769,-32.31693149,150.940094,-32.22695855
Narrabri_2021_2_GM,149.668717,-30.44543075,149.8848315,-30.22621118
Newcastle_2021_1_GM,151.5997307,-32.97311862,151.8287954,-32.78320877
Newcastle_2021_2_GM,151.6019646,-32.96432073,151.8241976,-32.78521527
Newcastle_2021_2_GM_CIR,151.6019646,-32.96432073,151.8241976,-32.78521527
Newcastle_Maitland_2021_1_GM,151.5450387,-33.10644504,151.9115899,-32.54066061
Newcastle_Maitland_2021_2_GM,151.2646145,-32.89766995,151.4109032,-32.58033561
Orange_2021_1_GM,148.9932034,-33.39658391,149.1928215,-33.18758215
PortMacquarie_2021_2_GM,152.6552212,-31.6712219,152.9427299,-31.37747471
PortMacquarie_2021_3_GM,152.6765153,-31.50956267,152.9450837,-31.38386834
PortMacquarie_2021_3_GM_CIR,152.6765153,-31.50956267,152.9450837,-31.38386834
PortStephens_2021_2_GM,151.5768848,-32.88520806,152.2109865,-32.57253868
Richmond_2021_3_GM,150.6425295,-33.77197698,150.8569788,-33.60351015
Richmond_2021_3_GM_CIR,150.6425295,-33.77197698,150.8569788,-33.60351015
Singleton_2021_1_GM,151.0987895,-32.60706567,151.2165104,-32.48639768
Sydney_2021_10_GM,150.7439826,-34.00401749,150.850311,-33.70511861
Sydney_2021_11_GM,150.8433829,-34.00236225,150.893011,-33.72696845
Sydney_2021_12_GM,150.8872835,-33.9683221,150.959717,-33.73284329
Sydney_2021_15_GM,150.7744667,-34.11689196,151.1624383,-33.93376033
Sydney_2021_17_GM,150.488958,-34.15499117,151.002778,-33.91858828
Sydney_2021_2_GM,150.9312599,-33.9572058,151.3315731,-33.71701128
Sydney_2021_3_GM,150.6297343,-34.0460067,150.7805315,-33.75799924
Sydney_2021_3_GM_CIR,150.6297343,-34.0460067,150.7805315,-33.75799924
Sydney_2021_8_GM,150.9545905,-33.97008522,151.3281841,-33.71269033
Sydney_2021_9_GM,150.8148909,-33.74200105,151.3446235,-33.47405112
Sydney_Campbelltown_2021_1_GM,150.6758175,-34.1289587,150.8197741,-34.03176185
Sydney_Campbelltown_2021_1_GM_CIR,150.6758175,-34.1289587,150.8197741,-34.03176185
Sydney_FarWest_2021_1_GM,150.5674711,-34.15149311,150.74974,-33.94894495
Sydney_FarWest_2021_2_GM,150.5727625,-33.96815918,150.8206466,-33.49067572
Sydney_FarWest_2021_3_GM,150.658692,-34.15669216,150.8596614,-33.68492648
Tamworth_2021_2_GM,150.8156323,-31.20755081,151.0111684,-30.98159324
TheHills_2021_1_GM,150.8617403,-33.7884766,151.053126,-33.36922401
TheHills_2021_1_GM_CIR,150.8617403,-33.7884766,151.053126,-33.36922401
Tweed_2021_2_GM,153.3419925,-28.42974087,153.5997044,-28.15046888
Tweed_2021_4_GM,153.341998,-28.43812775,153.59971,-28.1504565
WaggaWagga_2021_1_GM,147.2119662,-35.23460021,147.4973367,-35.02725265
Wingham_2021_1_GM,152.3464635,-32.004378,152.4616852,-31.79818033
WollongongKiama_2021_2_GM,150.6653193,-34.78832516,151.1801375,-34.06279798
Yamba_2021_1_GM,153.2911067,-29.47682519,153.3747679,-29.36186002
YassRegional_2021_1_GM,148.7161829,-35.32244464,149.4370554,-34.53371591
AlburyWodonga_2022_1_GM,146.6777027,-36.27298975,147.0951388,-35.95104932
Armidale_2022_1_GM,151.5631836,-30.59588821,151.7582073,-30.43365859
ARTC_I2S_2022_1_GM,147.770699,-34.8015961,147.8848616,-34.45748318
BallinaByron_2022_3_GM,153.1855273,-28.91847008,153.5757953,-28.40131275
BallinaByron_2022_4_GM,153.4443924,-28.9298643,153.643901,-28.40256139
BallinaByronLismore_2022_3_GM,153.2077711,-28.88890805,153.6426546,-28.62367053
BallinaByronLismore_2022_3_GM_CIR,153.2077711,-28.88890805,153.6426546,-28.62367053
BallinaByronLismore_2022_4_GM,153.4446886,-28.90781012,153.6094241,-28.41186666
BallinaByronLismore_2022_4_GM_CIR,153.4446886,-28.90781012,153.6094241,-28.41186666
Barraba_2022_1_GM,150.5796521,-30.41163067,150.6340129,-30.35532281
Barraba_2022_1_GM_CIR,150.5796521,-30.41163067,150.6340129,-30.35532281
Bathurst_2022_2_GM,149.4828169,-33.47964895,149.6892051,-33.34825701
BrokenHill_2022_3_GM,141.38205,-32.02658944,141.5671707,-31.87247256
BrokenHill_2022_3_GM_CIR,141.38205,-32.02658944,141.5671707,-31.87247256
CentralCoast_2022_1_GM,151.2551559,-33.58364834,151.6790532,-33.0673521
CentralCoast_2022_2_GM,151.1547422,-33.54227304,151.4535064,-33.08226049
CentralCoast_2022_2_GM_CIR,151.1547422,-33.54227304,151.4535064,-33.08226049
CentralCoast_2022_3_GM,151.1703433,-33.57348011,151.5649798,-33.08803513
CentralCoast_2022_3_GM_CIR,151.1703433,-33.57348011,151.5649798,-33.08803513
CoffsHarbour_2022_1_GM,153.0153017,-30.40463718,153.2552653,-29.96016963
Corowa_2022_2_GM,146.3245275,-36.10439295,146.5084282,-35.94261855
Deniliquin_2022_2_GM,144.8773046,-35.58462878,145.0468754,-35.48566882
Dubbo_2022_1_GM,148.5335826,-32.33175814,148.6975644,-32.14258833
Goulburn_2022_1_GM,149.6499128,-34.82102528,150.2645823,-34.56838181
Goulburn_2022_1_GM_CIR,149.6499128,-34.82102528,150.2645823,-34.56838181
Grafton_2022_1_GM,152.8681383,-29.76903609,153.0037344,-29.60015571
Hat_Head_2022_1_GM,153.0380902,-31.06664026,153.0611498,-31.04509396
Hawkesbury_2022_2_GM,150.4146991,-33.70441602,150.9361768,-32.96948947
Humula_2022_1_GM,147.7415896,-35.5087007,147.7880646,-35.46566403
Humula_2022_1_GM_CIR,147.7415896,-35.5087007,147.7880646,-35.46566403
Katoomba_2022_2_GM,150.2098431,-33.76908326,150.6319867,-33.56137519
Kempsey_2022_1_GM,152.7319878,-31.21114759,153.0974584,-30.84931732
Kempsey_2022_1_GM_CIR,152.7319878,-31.21114759,153.0974584,-30.84931732
Kiama_2022_1_GM,150.7322408,-34.76805733,150.9107352,-34.57559701
Kiama_2022_1_GM_CIR,150.7322408,-34.76805733,150.9107352,-34.57559701
Lithgow_2022_1_GM,149.9428232,-33.54185025,150.2231045,-33.284658
M0043_2022_1_GM,151.2632723,-33.10732293,151.4672571,-32.57347642
Maitland_2022_2_GM,151.4625429,-33.10895543,151.7973402,-32.53462571
Manilla_2022_1_GM,150.6944226,-30.78572327,150.7508612,-30.71380796
Manilla_2022_1_GM_CIR,150.6944226,-30.78572327,150.7508612,-30.71380796
Musswellbrook_2022_1_GM,150.8450819,-32.33047478,150.9431776,-32.20481455
Musswellbrook_2022_1_GM_CIR,150.8450819,-32.33047478,150.9431776,-32.20481455
Newcastle_2022_3_GM,151.7918547,-32.94231637,151.9109761,-32.53284874
Newcastle_2022_4_GM,151.6053061,-33.1138597,151.7955752,-32.66800222
Newcastle_Maitland_2022_3_GM,151.7900066,-32.91165249,151.9109741,-32.53281922
Nowra_2022_1_GM,150.7066243,-34.98546206,150.8413111,-34.74846543
Nowra_2022_1_GM_CIR,150.7066243,-34.98546206,150.8413111,-34.74846543
Nowra_2022_2_GM,150.571325,-34.9839746,150.7130842,-34.74810463
Nowra_2022_2_GM_CIR,150.571325,-34.9839746,150.7130842,-34.74810463
NSW_ARTC_A21_North_2022_1_GM,147.2695176,-35.17516229,147.8081835,-34.77601078
NSW_ARTC_A2I_South_2022_1_GM,146.9055615,-36.10232362,147.2729924,-35.1751545
Nundle_2022_1_GM,151.0996879,-31.48091624,151.1552233,-31.44478047
Nundle_2022_1_GM_CIR,151.0996879,-31.48091624,151.1552233,-31.44478047
Orange_2022_2_GM,149.0818442,-33.38882432,149.1936248,-33.18102748
Orange_2022_3_GM,148.9888602,-33.40891745,149.0706391,-33.19779567
Orange_2022_4_GM,149.0649335,-33.45969414,149.2548546,-33.19593393
Parkes_2022_2_GM,148.0965755,-33.21201767,148.2640123,-33.04638833
PortMacquarie_2022_1_GM,152.6688008,-31.69871786,152.9472992,-31.3745637
PortStephens_2022_1_GM,151.9074621,-32.84294527,152.2373384,-32.58778921
PtMacquarie_2022_1_GM,152.64064,-31.50820791,152.941144,-31.46678311
PtMacquarie_2022_1_GM_CIR,152.64064,-31.50820791,152.941144,-31.46678311
PtMacquarie_2022_2_GM,152.64064,-31.50820791,152.941144,-31.38061427
PtMacquarie_2022_2_GM_CIR,152.64064,-31.50820791,152.941144,-31.38061427
Singleton_2022_1_GM,151.0921328,-32.63635489,151.2206213,-32.50372332
Singleton_2022_1_GM_CIR,151.0921328,-32.63635489,151.2206213,-32.50372332
SnowyHydro_2022_1_GM,148.3904203,-36.49956029,148.8697236,-35.62288506
Snowy_Hydro_2022_2_GM,148.3904154,-36.49957297,148.8697183,-35.6228979
Sydney_2022_1_GM,150.9232542,-34.02916652,151.2792939,-33.72902812
Sydney_2022_4_GM,151.0014782,-34.10665663,151.2733327,-33.94365929
Sydney_2022_4_GM_CIR,151.0014782,-34.10665663,151.2733327,-33.94365929
Sydney_2022_6_GM,150.9428266,-33.96450972,151.3206035,-33.7211087
Sydney_2022_6_GM_CIR,150.9428266,-33.96450972,151.3206035,-33.7211087
Sydney_East_2022_1_GM,150.9372803,-34.02389501,151.3313537,-33.7235194
Sydney_FarNW_2022_2_GM,150.5679893,-33.76483788,150.8492897,-33.47890863
Sydney_FarWest_2022_2_GM,150.543622,-33.96218445,150.9560661,-33.7158981
Sydney_NE_2022_2_GM,151.1041077,-33.75164404,151.3735035,-33.55258859
Sydney_North_2022_3_GM,150.8382644,-33.7438933,151.1089157,-33.47985154
Sydney_NW_2022_1_GM,150.5797979,-33.7504547,150.8692936,-33.48322102
Sydney_SE_2022_1_GM,150.9919687,-34.11695981,151.2534728,-33.96391403
Sydney_South_2022_2_GM,150.9281265,-34.12175756,151.3233259,-33.71347757
Sydney_South_2022_3_GM,150.7546582,-34.15638685,151.0080995,-33.92195938
Sydney_SW_2022_1_GM,150.5417369,-34.00498391,150.8014369,-33.93255148
Tamworth_2022_1_GM,150.8171506,-31.19806182,151.0069635,-30.99140661
Tamworth_Kootingal_2022_1_GM,150.8126796,-31.16323185,151.1080739,-30.99135398
Tamworth_Kootingal_2022_1_GM_CIR,150.8126796,-31.16323185,151.1080739,-30.99135398
Tweed_2022_1_GM,153.3198048,-28.4317037,153.5907895,-28.2595762
Tweed_2022_2_GM,153.3219729,-28.26062022,153.5921204,-28.13969709
TweedHeads_2022_1_GM,153.3507552,-28.4279369,153.5953947,-28.15267655
TweedHeads_2022_1_GM_CIR,153.3507552,-28.4279369,153.5953947,-28.15267655
WaggaWagga_2022_2_GM,147.2148894,-35.23283119,147.5057017,-35.03241046
WaggaWagga_2022_5_GM,147.1099279,-35.23882721,147.5883305,-35.10008888
WaggaWagga_2022_5_GM_CIR,147.1099279,-35.23882721,147.5883305,-35.10008888
WaggaWagga_2022_6_GM,147.1098044,-35.11531672,147.5881788,-34.98531401
WaggaWagga_2022_6_GM_CIR,147.1098044,-35.11531672,147.5881788,-34.98531401
Wollongong_2022_3_GM,150.6477148,-34.60994564,151.178428,-34.07874507
Yamba_2022_1_GM,153.2770663,-29.47665052,153.3840519,-29.36165197
Yass_2022_1_GM,148.4764152,-35.27307064,148.7635844,-34.50473565
Ardlethan_2019_1_GM,146.8700205,-34.37735426,146.9266108,-34.34258655
Ardlethan_2019_CIR_1_GM,146.8700205,-34.37735426,146.9266108,-34.34258655
ARTC_NS2B_Goondiwindi_2019_1_GM,150.1917302,-28.78302946,150.5512466,-28.49527014
Barooga_2019_1_GM,145.6639225,-35.94866984,145.7317295,-35.86682514
Beckom_2019_1_GM,146.948358,-34.33904522,146.9733714,-34.31423653
Beckom_2019_CIR_1_GM,146.948358,-34.33904522,146.9733714,-34.31423653
Berrigan_2019_1_GM,145.7844486,-35.67941284,145.8513203,-35.63819683
Berrigan_2019_2_GM,145.3180205,-35.99512689,146.0262041,-35.50398695
Cabonne_Towns_Barry_Hobbys_Yards_2019_1_GM,149.2467502,-33.70797022,149.3483054,-33.6283394
Cabonne_Towns_Barry_Hobbys_Yards_2019_1_NIR_GM,149.2467502,-33.70797022,149.3483054,-33.6283394
Cabonne_Towns_Blayney_2019_1_GM,149.2283238,-33.55255108,149.2717302,-33.50113551
Cabonne_Towns_Blayney_2019_1_NIR_GM,149.2283238,-33.55255108,149.2717302,-33.50113551
Cabonne_Towns_Canowindra_2019_1_GM,148.6474693,-33.58845011,148.681856,-33.53911481
Cabonne_Towns_Canowindra_2019_1_NIR_GM,148.6474693,-33.58845011,148.681856,-33.53911481
Cabonne_Towns_Cargo_2019_1_GM,148.7906084,-33.43960427,148.8284415,-33.41010798
Cabonne_Towns_Cargo_2019_1_NIR_GM,148.7906084,-33.43960427,148.8284415,-33.41010798
Cabonne_Towns_Cumnock_2019_1_GM,148.7412053,-32.94395699,148.765875,-32.91263874
Cabonne_Towns_Cumnock_2019_1_NIR_GM,148.7412053,-32.94395699,148.765875,-32.91263874
Cabonne_Towns_Eugowra_2019_1_GM,148.3502808,-33.43852801,148.3910236,-33.4167155
Cabonne_Towns_Eugowra_2019_1_NIR_GM,148.3502808,-33.43852801,148.3910236,-33.4167155
Cabonne_Towns_Lyndhurst_Mandurama_Carcoar_2019_1_GM,149.0026983,-33.70233046,149.1699751,-33.58789409
Cabonne_Towns_Lyndhurst_Mandurama_Carcoar_2019_1_NIR_GM,149.0026983,-33.70233046,149.1699751,-33.58789409
Cabonne_Towns_Manildra_Cudal_2019_1_GM,148.673867,-33.3045802,148.7596559,-33.16439753
Cabonne_Towns_Manildra_Cudal_2019_1_NIR_GM,148.673867,-33.3045802,148.7596559,-33.16439753
Cabonne_Towns_Millthorpe_2019_1_GM,149.1629039,-33.46334856,149.1999656,-33.42548374
Cabonne_Towns_Millthorpe_2019_1_NIR_GM,149.1629039,-33.46334856,149.1999656,-33.42548374
Cabonne_Towns_Molong_2019_1_GM,148.8384849,-33.11402915,148.9081417,-33.06989292
Cabonne_Towns_Molong_2019_1_NIR_GM,148.8384849,-33.11402915,148.9081417,-33.06989292
Cabonne_Towns_Mullion_Creek_2019_1_GM,149.1027944,-33.16057739,149.1290509,-33.12657233
Cabonne_Towns_Mullion_Creek_2019_1_NIR_GM,149.1027944,-33.16057739,149.1290509,-33.12657233
Cabonne_Towns_Neville_2019_1_GM,149.1963432,-33.72390258,149.2384191,-33.70046289
Cabonne_Towns_Neville_2019_1_NIR_GM,149.1963432,-33.72390258,149.2384191,-33.70046289
Cabonne_Towns_Newbridge_2019_1_GM,149.3541115,-33.59506126,149.3812422,-33.5699702
Cabonne_Towns_Newbridge_2019_1_NIR_GM,149.3541115,-33.59506126,149.3812422,-33.5699702
Cabonne_Towns_Yeoval_2019_1_GM,148.6377797,-32.76352237,148.6595121,-32.73692407
Cabonne_Towns_Yeoval_2019_1_NIR_GM,148.6377797,-32.76352237,148.6595121,-32.73692407
Carrathool_2019_1_GM,145.4287154,-34.4130377,145.4413178,-34.40307558
Carrathool_2019_1_GM_NIR,145.4287154,-34.4130377,145.4413178,-34.40307558
Central_Coast_2019_1_GM,150.9256304,-33.64490785,151.5148357,-33.14785837
Central_Coast_2019_2_GM,151.2732616,-33.55066633,151.7607301,-32.88044513
Central_East_NSW_2019_1_GM,148.0795141,-33.99762612,149.9219397,-31.88448849
Cessnock_2019_1_GM,151.2898666,-32.86945465,151.3870066,-32.79675434
Charbon_2019_GM,149.9370589,-32.97313952,150.0205475,-32.87176878
Coolamon_2019_1_GM,147.1584884,-34.84170098,147.2324252,-34.78522204
Coolamon_2019_CIR_1_GM,147.1584884,-34.84170098,147.2324252,-34.78522204
Dubbo_2019_1_GM,148.4579768,-32.34738558,148.7934637,-32.14214687
Dubbo_2019_1_NIR_GM,148.4579768,-32.34738558,148.7934637,-32.14214687
EV_AlburyWodonga_2019_1_GM,146.6661072,-36.2894257,147.1495056,-35.88098349
EV_BerowraValley_2019_2_GM,150.8185959,-33.74784717,151.1921311,-33.5465453
EV_Braidwood_2019_1_GM,149.661597,-35.59290364,149.9252701,-35.30644019
EV_CentralCoast_2019_1_GM,151.2841415,-33.46381618,151.701622,-33.04119092
EV_CentralCoastLakeMacquarie_2019_1_GM,151.2913513,-33.38472812,151.6868593,-33.03543473
EV_CoffsHarbour_2019_1_GM,152.9890823,-30.47027908,153.2307816,-30.05275107
EV_Harrington_2019_1_GM,152.3024368,-32.10236487,152.7638626,-31.78538423
EV_KulnuraCentralMangrove_2019_1_GM,151.0853577,-33.33747113,151.392975,-33.09844453
EV_Maitland_2019_1_GM,151.3730621,-32.8366468,151.7685702,-32.57777413
EV_Newcastle_2019_1_GM,151.3840485,-33.08069244,151.8674473,-32.76706835
EV_PortMacquarie_2019_1_GM,152.6158905,-31.68819979,152.9454804,-31.3697609
EV_SydneyMetroArea_2019_1_GM,150.8268356,-34.08310239,151.2882614,-33.75488784
EV_SydneyMetroAreaBlock_2019_2_GM,150.8395386,-34.08339214,151.2789925,-33.75517329
EV_SydneyNorthEast_2019_2_GM,151.0843277,-33.91943627,151.3480003,-33.53567138
EV_SydneyWest_2019_2_GM,150.5662537,-33.92207878,150.9617621,-33.62977131
EV_WaggaWagga_2019_1_GM,147.2274395,-35.21568394,147.4911118,-34.99990988
EV_Wilberforce_2019_1_GM,150.598526,-33.64470511,151.0819247,-33.35146587
EV_YanunbeyanNationalPark_2019_1_GM,149.1308196,-35.64853168,149.526329,-35.50540009
Frinley_2019_1_GM,145.5361265,-35.66345364,145.619663,-35.62191404
Ganmain_2019_1_GM,147.0284117,-34.81925682,147.0710756,-34.76513292
Ganmain_2019_CIR_1_GM,147.0284117,-34.81925682,147.0710756,-34.76513292
Goolgowi_2019_1_GM,145.686669,-34.01085115,145.7284772,-33.95902635
Goolgowi_2019_1_GM_NIR,145.686669,-34.01085115,145.7284772,-33.95902635
Hillston_2019_1_GM,145.4923414,-33.52211896,145.5798775,-33.42889861
Hillston_2019_1_GM_NIR,145.4923414,-33.52211896,145.5798775,-33.42889861
Leeton_2019_1_GM,146.3675229,-34.60756652,146.4452166,-34.51368978
Leeton_2019_1_GM_NIR,146.3675229,-34.60756652,146.4452166,-34.51368978
Maitland_2019_1_GM,151.4659335,-32.89740971,151.8945817,-32.64568921
Marrar_2019_1_GM,147.3307637,-34.83910002,147.3882737,-34.81638657
Marrar_2019_CIR_1_GM,147.3307637,-34.83910002,147.3882737,-34.81638657
Marriwagga_2019_1_GM,145.6038419,-33.82402058,145.6350892,-33.79489635
Marriwagga_2019_1_GM_NIR,145.6038419,-33.82402058,145.6350892,-33.79489635
Matong_2019_1_GM,146.9043682,-34.77866409,146.9371699,-34.7606072
Matong_2019_CIR_1_GM,146.9043682,-34.77866409,146.9371699,-34.7606072
Murrumbidgee_2019_1_GM,145.1119729,-34.78881097,146.5767075,-33.95178796
Muswellbrook_2019_1_GM,150.8545627,-32.30385042,150.9303006,-32.23950355
Nambucca_2019_01_GM,152.8744615,-30.93140525,153.2283965,-29.94772038
Newcastle_2019_1_GM,151.5988166,-32.98656798,151.8408404,-32.76860088
Newcastle_2019_2_GM,151.5992429,-32.97304064,151.8325636,-32.78230572
Newcastle_2019_2_GM_NIR,151.5992429,-32.97304064,151.8325636,-32.78230572
NSWRoadCorridors_2019_10_GM,144.6028793,-34.75777077,146.5593847,-33.24768673
NSWRoadCorridors_2019_1_GM_NIR,148.9434322,-35.17275973,149.0741645,-34.8045938
NSWRoadCorridors_2019_2_GM,148.9434322,-35.17275973,149.0741645,-34.8045938
NSWRoadCorridors_2019_3_GM_NIR,142.1653744,-34.74420888,144.1483093,-34.16481412
NSWRoadCorridors_2019_4_GM,142.1653744,-34.74420888,144.1483093,-34.16481412
NSWRoadCorridors_2019_5_GM_NIR,143.8122222,-35.22197083,147.8065519,-34.46031614
NSWRoadCorridors_2019_6_GM,143.8122222,-35.22197083,147.8065519,-34.46031614
NSWRoadCorridors_2019_7_GM_NIR,146.9858985,-35.92378476,148.6017429,-33.93212002
NSWRoadCorridors_2019_8_GM,146.9858985,-35.92378476,148.6017429,-33.93212002
NSWRoadCorridors_2019_9_GM_NIR,144.6028793,-34.75777077,146.5593847,-33.24768673
Parkes_2019_CIR_GM,147.9839109,-33.22905032,148.2724869,-33.06459917
Parkes_2019_GM,147.9839109,-33.22905032,148.2724869,-33.06459917
ParkesRegional_2019_GM,147.5321507,-33.29043667,148.5230699,-32.35486119
ParkesRegional_CIR_2019_GM,147.5321507,-33.29043667,148.5230699,-32.35486119
Port_Stephens_2019_1_GM,151.5868496,-32.87903669,152.1943349,-32.57670739
Port_Stephens_2019_1_GM_NIR,151.5868496,-32.87903669,152.1943349,-32.57670739
Singleton_2019_1_GM,151.1272038,-32.58759709,151.2006013,-32.5144132
Sydney_2019_1_GM,150.9433806,-34.00427408,151.329046,-33.73304341
Sydney_2019_2_GM,150.8209447,-34.11166746,151.3624584,-33.55275411
Sydney_2019_3_GM,150.6013081,-33.82781088,150.9261256,-33.56223448
Sydney_2019_4_GM,150.5813351,-34.15039041,150.8990127,-34.01179611
Sydney_2019_5_GM,150.5970124,-34.01634587,150.9038758,-33.81292127
Tamworth_2019_3_GM,150.8172687,-31.43533166,151.3704339,-30.97620323
Tingha_2019_1_GM,150.9677533,-30.24339593,151.3426752,-29.88704984
Tocumwaly_2019_1_GM,145.5329038,-35.83922051,145.6168629,-35.7841559
Wagga_Wagga_2019_GM,147.3022289,-35.19908315,147.5000309,-35.00518364
Wellington_2019_1_GM,148.8745285,-32.64265562,149.0054126,-32.45217207
Wellington_2019_1_NIR_GM,148.8745285,-32.64265562,149.0054126,-32.45217207
Whitton_2019_1_GM,146.1749597,-34.52475571,146.1888581,-34.50824242
Whitton_2019_1_GM_NIR,146.1749597,-34.52475571,146.1888581,-34.50824242
Wollongong_2019_1_GM,150.6358119,-34.68965195,151.0671016,-34.05717524
Armidale_2018_GM,151.5819491,-30.55549344,151.7498871,-30.46341365
ARTC_N2N_Ext_North_2018_1_GM,149.4701397,-30.5379909,149.6672129,-30.42591611
ARTC_N2N_Ext_South_2018_1_GM,148.2196169,-32.33295928,148.3380734,-32.16041246
Bathurst_2018_1_GM_JPEG,149.1119896,-34.00536521,149.9249836,-32.94348303
Bathurst_2018_2_CIR_GM,149.4931109,-33.50269058,149.6895864,-33.35643264
Bathurst_2018_2_GM,149.4931109,-33.50269058,149.6895864,-33.35643264
Bowral_2018_GM_NIR_JPEG,150.350742,-34.58585002,150.4868706,-34.40290986
EV_BadgerysCreek_2018_1_GM,150.6575775,-33.92742625,150.7894141,-33.83620138
EV_Blacktown_2018_1_GM,150.7152557,-33.87340765,151.0887928,-33.70891869
EV_BlueMountains_2018_1_GM,150.1422501,-33.79170681,150.4938127,-33.40737044
EV_BlueMountains_2018_2_GM,150.2727127,-33.78663692,150.5583583,-33.60375394
EV_BrokenBay_2018_1_GM,151.1141968,-33.6778315,151.3558965,-33.54969277
EV_Camden_2018_1_GM,150.5703735,-34.20939073,150.7901148,-33.79041852
EV_Campbelltown_2018_1_GM,150.7375717,-34.21668807,150.9792752,-33.98009342
EV_CentralCoastCouncilDharugNationalPark_2018_1_GM,150.8841705,-33.48057994,151.3016512,-33.33368355
EV_Gorokan_2018_1_GM,151.4612961,-33.28118016,151.5272142,-33.22605187
EV_Gorokan_2018_2_GM,151.4520264,-33.26912475,151.5179444,-33.23236993
EV_Gosford_2018_1_GM,151.2522125,-33.58059088,151.4939118,-33.32393042
EV_Katoomba_2018_1_GM,150.2407837,-33.7854647,150.4385392,-33.65749547
EV_Kiama_2018_1_GM,150.5525208,-34.80704249,150.8821107,-34.535975
EV_KirraminglyNatureReserve_2018_1_GM,149.6169654,-29.7584389,149.7707748,-29.66299609
EV_KirraminglyNatureReserve_2018_2_GM,149.6640014,-29.72562948,149.7244263,-29.69222825
EV_KuRingGaiChaseNationalPark_2018_1_GM,151.1141968,-33.69609695,151.3558965,-33.54969277
EV_Lithgow_2018_1_GM,150.0680923,-33.68549681,150.3317643,-33.39246607
EV_Liverpool_2018_1_GM,150.7046127,-34.00272308,151.0781498,-33.83848276
EV_MangroveMountain_2018_1_GM,151.0826111,-33.35007584,151.2913514,-33.23983613
EV_ManneringPark_2018_1_GM,151.2522125,-33.44633945,151.6916657,-33.02363336
EV_MarramarraNationalPark_2018_1_GM,150.9068298,-33.57806344,151.3243104,-33.45894275
EV_Nattai_2018_1_GM,150.4062653,-34.29891966,150.5161346,-33.95332796
EV_Newcastle_2018_1_GM,151.4128876,-33.08409359,151.8523412,-32.77053259
EV_OlneyStateForest_2018_1_GM,151.1159134,-33.28409443,151.4674761,-32.95279197
EV_Parramatta_2018_1_GM,150.9538651,-33.85218723,151.0857019,-33.74261278
EV_Picton_2018_1_GM,150.5473709,-34.35619243,150.90992,-33.90148154
EV_Richmond_2018_1_GM,150.5748367,-33.85165865,150.9923176,-33.37583895
EV_SutherlandShire_2018_1_GM,150.943222,-34.22572067,151.272812,-33.97098272
EV_SydneyMetroArea_2018_1_GM,151.0287094,-34.00634054,151.314354,-33.78742253
EV_SydneyNorth_2018_1_GM,151.0441589,-33.83427555,151.3517761,-33.65149409
EV_SydneyNorthBlock_2018_1_GM,151.0311127,-33.82858396,151.3387299,-33.66406793
EV_SydneyNorthWest_2018_1_GM,150.8220291,-33.7475617,151.1955643,-33.54625917
EV_SydneySouth_2018_1_GM,151.0221863,-33.97558716,151.2419134,-33.8296421
EV_Syndey_2018_1_GM,151.0256195,-34.01060954,151.3112641,-33.79170249
EV_Thirlmere_2018_1_GM,150.4701233,-34.35279791,150.6239333,-33.89806198
EV_WaggaWagga_2018_1_GM,146.79245,-35.21785805,147.7812195,-34.84001324
EV_Warragamba_2018_1_GM,150.5696869,-34.12772552,150.6575882,-33.78143022
EV_Wollongong_2018_1_GM,150.6050491,-34.69251709,150.9566117,-34.3848127
EV_Wollongong_2018_2_GM,150.7911301,-34.45844841,151.0767746,-34.16806778
EV_WyongGorokan_2018_1_GM,151.4520264,-33.27945806,151.5179445,-33.22432869
Guyra_2018_GM,151.6276379,-30.27511848,151.7122154,-30.17514872
Lismore_2018_1_GM_JPEG,153.0716704,-29.07193453,153.4508038,-28.51240863
MegaLongValley_2018_GM_JPEG,150.1586778,-33.81543466,150.2825797,-33.65916005
Mount_Pleasant_2018_GM_JPEG,150.7677484,-32.31325569,150.8895017,-32.18590668
Newcastle_2018_1_GM_JPEG,151.6010335,-32.96751737,151.829137,-32.78410817
Newcastle_2018_2_GM,151.5883377,-32.98200532,151.8356758,-32.77311012
Penrith_2018_CIR_GM,150.6700136,-33.88280689,150.7951953,-33.66955622
Penrith_2018_GM,150.6700136,-33.88280689,150.7951953,-33.66955622
Singleton_2018_GM,150.5121677,-33.06534169,151.5205107,-32.19070677
Sydney_2018_2_GM_JPEG,150.553233,-34.55764859,151.351689,-33.36864864
Sydney_2018_3_GM_CIR_JPEG,150.9801722,-34.02039227,151.3268385,-33.63048032
Sydney_2018_3_GM_JPEG,150.9801722,-34.02039227,151.3268385,-33.63048032
Tamworth_2018_3_GM,150.817219,-31.18913628,151.0982971,-30.9765639
Tweed_Shire_2018_GM_JPEG,153.1020443,-28.54625795,153.5913574,-28.15298335
Wingecarribee_2018_1_GM,149.9563438,-34.77808153,150.7610593,-34.20209118
Armidale_2023_1_GM,151.6791811,-30.60650678,151.7858149,-30.16875824
Armidale_2023_1_GM_CIR,151.6791811,-30.60650678,151.7858149,-30.16875824
Armidale_2023_2_GM,151.5397988,-30.60542787,151.6846744,-30.16814717
Armidale_2023_3_GM_CIR,151.5397988,-30.60542787,151.6846744,-30.16814717
ARTC_N2NS_SP1_Stage1_Z55_2023_1_GM,149.7866395,-30.27747082,149.821428,-29.819063
ARTC_N2NS_SP1_Stage2_Z55_2023_2_GM,149.7871152,-29.84164857,149.852314,-29.53361405
ARTC_N2NS_SP1_Stage3_Z55_2023_4_GM,149.9313796,-29.40915756,150.0191497,-29.39115264
ARTC_N2NS_SP1_Stage3_Z56_2023_5_GM,149.929225,-29.40915756,150.3958704,-28.90734491
ARTC_N2NS_SP2_Z55_2023_3_GM,149.8408263,-29.5473857,149.9678571,-29.38673816
Ballina_Byron_Lismore_2023_1_GM,153.2040533,-28.90084288,153.6422569,-28.52352368
Ballina_Byron_Lismore_2023_1_GM_CIR,153.2040533,-28.90084288,153.6422569,-28.52352368
Ballina_Byron_Lismore_2023_2_GM,153.4711711,-28.5291843,153.572287,-28.41600655
Ballina_Byron_Lismore_2023_2_GM_CIR,153.4711711,-28.5291843,153.572287,-28.41600655
Ballina_Byron_Lismore_2023_3_GM,153.4456034,-28.7460749,153.6457229,-28.41703052
Ballina_Byron_Lismore_2023_3_GM_CIR,153.4456034,-28.7460749,153.6457229,-28.41703052
Ballina_Byron_Lismore_2023_4_GM,153.2097318,-28.89753558,153.6176779,-28.7441512
Ballina_Byron_Lismore_2023_4_GM_CIR,153.2097318,-28.89753558,153.6176779,-28.7441512
BatemansBay_2023_1_GM,150.1111961,-35.88262677,150.2690429,-35.64612041
Bathurst_2023_1_GM,149.4934315,-33.47125823,149.682859,-33.35585842
Bathurst_2023_1_GM_CIR,149.4934315,-33.47125823,149.682859,-33.35585842
Bathurst_2023_3_GM,149.1139195,-34.03345624,149.9702544,-32.94266866
Bathurst_2023_3_GM_CIR,149.1139195,-34.03345624,149.9702544,-32.94266866
Bethungra_2023_1_GM,147.8587958,-34.76569555,147.8682293,-34.76304828
BoganGate_Ivanhoe_2023_1_GM,144.1415435,-33.02609547,145.0219639,-32.88722081
BoganGate_Ivanhoe_2023_2_GM,145.0199961,-33.06184081,145.9328834,-32.98184679
BoganGate_Ivanhoe_2023_3_GM,145.9322611,-33.06006973,146.859615,-32.99069829
BoganGate_Ivanhoe_2023_5_GM,146.8581692,-33.13810048,147.7555334,-33.03624568
Braunstone_2023_1_GM,152.9463733,-29.81313952,152.9724061,-29.78710843
BrokenHill_2023_2_GM,141.3779269,-32.03845509,141.5727149,-31.87366909
BrokenHill_2023_2_GM_CIR,141.3779269,-32.03845509,141.5727149,-31.87366909
Bulliac_2023_1_GM,152.0190337,-31.92325833,152.0504596,-31.9085493
CalderwoodValley_2023_1_GM,150.724537,-34.580054,150.7629148,-34.54193865
CalderwoodValley_2023_1_GM_CIR,150.724537,-34.580054,150.7629148,-34.54193865
Camden_2023_5_GM,150.5666034,-34.14429065,150.5900827,-33.91666034
Camden_2023_5_GM_CIR,150.5666034,-34.14429065,150.5900827,-33.91666034
Camden_2023_6_GM,150.5813609,-34.14568783,150.6622449,-33.90584208
Camden_2023_6_GM_CIR,150.5813609,-34.14568783,150.6622449,-33.90584208
Camden_2023_7_GM,150.7965217,-34.10976735,150.8613359,-33.91419775
Camden_2023_7_GM_CIR,150.7965217,-34.10976735,150.8613359,-33.91419775
Camden_2023_8_GM,150.6524689,-34.14456103,150.8026121,-33.91152039
Camden_2023_8_GM_CIR,150.6524689,-34.14456103,150.8026121,-33.91152039
CoffsHarbour_2023_1_GM,153.0244101,-30.39988901,153.218312,-30.01970607
Cootamundra_2023_1_GM,147.8470464,-34.77111541,148.0321491,-34.64245651
Cootamundra_2023_2_GM,147.8566381,-34.62815454,148.0325109,-34.48917977
Cootamundra_2023_3_GM,148.0191542,-34.64691776,148.3121606,-34.51295251
Cootamundra_2023_4_GM,148.3106443,-34.61274444,148.5707495,-34.52721574
Coramba_2023_1_GM,153.0134792,-30.23710162,153.0294812,-30.21947806
Corowa_2023_1_GM,146.3252412,-36.09156177,146.5057328,-35.95647837
Cowra_2023_1_GM,148.6289507,-33.87149292,148.7241765,-33.78532174
Craven_2023_1_GM,151.9313304,-32.16745471,151.9577921,-32.12918216
Cunningar_2023_1_GM,148.4131932,-34.5609476,148.4250217,-34.55613282
Dubbo_2023_1_GM,148.5200852,-32.30487285,148.7090065,-32.19076649
Dubbo_2023_2_GM_CIR,148.5200852,-32.30487285,148.7090065,-32.19076649
Eden_2023_2_GM,149.8335596,-37.14090101,149.9827124,-37.00622405
Glenlee_2023_1_GM,150.73939,-34.09067382,150.7690398,-34.07545692
Goulburn_2023_2_GM,149.638504,-34.82889886,150.2491401,-34.65956911
Goulburn_2023_2_GM_CIR,149.638504,-34.82889886,150.2491401,-34.65956911
Goulburn_2023_3_GM,150.1990929,-34.56016437,150.6220427,-34.37087975
Goulburn_2023_4_GM,149.6755138,-34.79395997,150.468614,-34.55242739
Grafton_2023_2_GM,152.8650815,-29.74224921,153.0063322,-29.613719
Gunningbland_2023_1_GM,147.910604,-33.13917303,147.9222337,-33.1305884
Holsworthy_2023_3_GM,150.7797056,-34.31680499,150.9810678,-34.08030358
Holsworthy_2023_3_GM_CIR,150.7797056,-34.31680499,150.9810678,-34.08030358
Ivanhoe_Menindee_2023_1_GM,143.7179206,-32.92907766,144.3220518,-32.85545591
Ivanhoe_Menindee_2023_2_GM,142.416526,-32.4464112,142.5798498,-32.3827328
Ivanhoe_Menindee_2023_3_GM,143.2836179,-32.8619538,143.7194277,-32.72908861
Ivanhoe_Menindee_2023_4_GM,142.5683457,-32.73583187,143.2838721,-32.44623004
Ivanhoe_Menindee_2023_5_GM,142.416526,-32.4464112,142.5798498,-32.3827328
Ivanhoe_Menindee_2023_6_GM,142.5683457,-32.73583187,143.2838721,-32.44623004
Ivanhoe_Siding_2023_1_GM,144.2774842,-32.91915349,144.320291,-32.90785343
Jerrawa_2023_1_GM,149.0794932,-34.78911923,149.0932897,-34.78047596
Kaleentha_Siding_2023_1_GM,143.0074905,-32.62285635,143.0329301,-32.61195207
Katoomba_2023_1_GM,150.1833746,-33.68302366,150.351526,-33.51978232
Katoomba_2023_2_GM,150.2166536,-33.76994154,150.6151936,-33.63979471
Kempsey_2023_2_GM,152.7252556,-31.21150531,153.104465,-30.84662177
Kiactoo_2023_1_GM,146.8136855,-33.03976644,146.8504493,-33.03146012
Kiama_2023_1_GM,150.7233854,-34.77797772,150.917166,-34.56850335
Kiama_2023_1_GM_CIR,150.7233854,-34.77797772,150.917166,-34.56850335
Kinalung_2023_1_GM,141.9438162,-32.07004715,141.9808904,-32.04688636
Kyaran_2023_1_GM,152.9583872,-29.59316302,152.9878999,-29.57068773
Lithgow_2023_1_GM,150.0040628,-33.54995259,150.215678,-33.3516079
Matakana_2023_1_GM,145.8946065,-32.99623217,145.9270772,-32.98733456
Menindee_2023_1_GM,142.4137042,-32.39182077,142.434882,-32.38452509
Menindee_BrokenHill_2023_10_GM,141.7046439,-31.98673673,141.8200082,-31.91999494
Menindee_BrokenHill_2023_3_GM,141.4457862,-31.97934733,141.6336344,-31.89610993
Menindee_BrokenHill_2023_4_GM,141.7046439,-31.98673673,141.8200082,-31.91999494
Menindee_BrokenHill_2023_5_GM,141.8170355,-32.1602443,142.1496143,-31.97832677
Menindee_BrokenHill_2023_6_GM,142.1420575,-32.39776611,142.4369704,-32.15436483
Menindee_BrokenHill_2023_7_GM,141.62616,-31.9267587,141.7099287,-31.90596574
Menindee_BrokenHill_2023_8_GM,141.4457862,-31.97934733,141.6336344,-31.89610993
Menindee_BrokenHill_2023_9_GM,141.62616,-31.9267587,141.7099287,-31.90596574
Mount_George_2023_1_GM,152.1711282,-31.89647548,152.201103,-31.87670926
Murrumbidgee_2023_2_GM,145.1223545,-34.77828857,146.6426696,-33.96375141
Murrumbidgee_2023_2_GM_CIR,145.1223545,-34.77828857,146.6426696,-33.96375141
Muswellbrook_2023_1_GM,150.8445819,-32.33327348,150.9410845,-32.20062025
Muswellbrook_2023_1_GM_CIR,150.8445819,-32.33327348,150.9410845,-32.20062025
Newcastle_2023_13_GM,151.5190078,-33.10355428,151.7749935,-32.53715102
Newcastle_2023_17_GM,151.7509136,-32.96070027,151.9052388,-32.53808084
Newcastle_2023_17_GM_CIR,151.7509136,-32.96070027,151.9052388,-32.53808084
Newcastle_2023_19_GM,151.2719726,-33.09999009,151.5318464,-32.57548695
Newcastle_2023_4_GM,151.2719187,-33.09627138,151.4586192,-32.57557438
Newcastle_2023_4_GM_CIR,151.2719187,-33.09627138,151.4586192,-32.57557438
Newcastle_2023_5_GM,151.6049229,-33.10055088,151.8203044,-32.54287082
Newcastle_2023_5_GM_CIR,151.6049229,-33.10055088,151.8203044,-32.54287082
Newcastle_2023_6_GM,151.4496026,-33.09987418,151.9034571,-32.54491609
Newcastle_2023_6_GM_CIR,151.4496026,-33.09987418,151.9034571,-32.54491609
Newcastle_2023_8_GM,151.5532459,-32.99431816,151.8629709,-32.74998446
Newcastle_2023_8_GM_CIR,151.5532459,-32.99431816,151.8629709,-32.74998446
Newcastle_2023_9_GM,151.7948604,-32.89519802,151.9063529,-32.53836083
Nowra_2023_1_GM,150.5131401,-34.99093496,150.6782741,-34.79609319
Nowra_2023_1_GM_CIR,150.5131401,-34.99093496,150.6782741,-34.79609319
Oaklands_Siding_2023_1_GM,146.1473864,-35.56361326,146.1852485,-35.53735779
Orange_2023_1_GM,149.0296458,-33.3381837,149.1636685,-33.22004711
Parkes_2023_2_GM,148.019337,-33.18369428,148.2310485,-33.06918231
Parkes_2023_2_GM_CIR,148.019337,-33.18369428,148.2310485,-33.06918231
Parkes_BoganGate_2023_3_GM,147.7287546,-33.12889026,147.8562027,-33.07905026
Parkes_BoganGate_2023_4_GM,147.8554399,-33.14733922,147.9922363,-33.10896044
Parkes_BoganGate_2023_5_GM,147.989886,-33.15641481,148.1563266,-33.12054524
PortMacquarie_2023_1_GM,152.6396645,-31.51395509,152.9464839,-31.37568589
PortStephens_2023_1_GM,151.983808,-32.80940477,152.2157486,-32.63000438
Singleton_2023_1_GM,151.0939858,-32.63329021,151.2210169,-32.50364153
Singleton_2023_1_GM_CIR,151.0939858,-32.63329021,151.2210169,-32.50364153
Stroud_Hill_2023_1_GM,151.8117995,-32.38406787,151.8262155,-32.37692937
Sydney_2023_10_GM,150.6821625,-33.74614046,150.8509434,-33.4945914
Sydney_2023_10_GM_CIR,150.6821625,-33.74614046,150.8509434,-33.4945914
Sydney_2023_11_GM,150.49876,-34.14266709,150.5969499,-33.91099963
Sydney_2023_11_GM_CIR,150.49876,-34.14266709,150.5969499,-33.91099963
Sydney_2023_12_GM,150.7809768,-34.14603183,151.0157078,-33.93703979
Sydney_2023_12_GM_CIR,150.7809768,-34.14603183,151.0157078,-33.93703979
Sydney_2023_13_GM,150.5714108,-33.9612443,150.9350203,-33.72148987
Sydney_2023_13_GM_CIR,150.5714108,-33.9612443,150.9350203,-33.72148987
Sydney_2023_14_GM,150.8060852,-33.74821564,150.8470999,-33.49270582
Sydney_2023_14_GM_CIR,150.8060852,-33.74821564,150.8470999,-33.49270582
Sydney_2023_15_GM,150.8408131,-33.74887293,151.0913767,-33.49085791
Sydney_2023_15_GM_CIR,150.8408131,-33.74887293,151.0913767,-33.49085791
Sydney_2023_16_GM,151.0833822,-33.74920888,151.3605846,-33.55941738
Sydney_2023_16_GM_CIR,151.0833822,-33.74920888,151.3605846,-33.55941738
Sydney_2023_1_GM,151.0869029,-33.74624915,151.3509064,-33.56227794
Sydney_2023_1_GM_CIR,151.0869029,-33.74624915,151.3509064,-33.56227794
Sydney_2023_21_GM,150.770736,-34.14633888,151.0010341,-33.93401881
Sydney_2023_21_GM_CIR,150.770736,-34.14633888,151.0010341,-33.93401881
Sydney_2023_22_GM,150.9976764,-34.10982814,151.2383731,-33.96490992
Sydney_2023_22_GM_CIR,150.9976764,-34.10982814,151.2383731,-33.96490992
Sydney_2023_25_GM,150.5688068,-33.95784931,150.6617667,-33.72172973
Sydney_2023_26_GM,150.655311,-33.9594573,150.7475161,-33.72185968
Sydney_2023_27_GM,150.7371286,-33.96278062,150.9489496,-33.72116325
Sydney_2023_28_GM,150.5905052,-33.74720286,150.7417339,-33.49258612
Sydney_2023_2_GM,150.5640979,-33.9592399,150.9483922,-33.72754554
Sydney_2023_2_GM_CIR,150.5640979,-33.9592399,150.9483922,-33.72754554
Sydney_2023_30_GM,150.7250999,-33.74653507,150.864852,-33.49026586
Sydney_2023_34_GM,150.8317436,-33.74129944,151.1037995,-33.51542151
Sydney_2023_35_GM,150.8317612,-33.51795594,150.9806246,-33.49512681
Sydney_2023_36_GM,150.930447,-33.99033547,151.0492184,-33.72012621
Sydney_2023_36_GM_CIR,150.930447,-33.99033547,151.0492184,-33.72012621
Sydney_2023_37_GM,151.0398948,-34.02473669,151.3225951,-33.7223082
Sydney_2023_37_GM_CIR,151.0398948,-34.02473669,151.3225951,-33.7223082
Sydney_2023_39_GM,150.9202179,-34.00695344,151.3279319,-33.72340623
Sydney_2023_3_GM,150.6010196,-33.73404127,151.0281528,-33.50016381
Sydney_2023_3_GM_CIR,150.6010196,-33.73404127,151.0281528,-33.50016381
Sydney_2023_40_GM,150.5871281,-33.740192,150.7940834,-33.57838091
Sydney_2023_40_GM_CIR,150.5871281,-33.740192,150.7940834,-33.57838091
Sydney_2023_41_GM,150.5753752,-33.84530503,150.7940683,-33.73609745
Sydney_2023_41_GM_CIR,150.5753752,-33.84530503,150.7940683,-33.73609745
Sydney_2023_42_GM,150.528288,-34.01305329,150.8639646,-33.9212054
Sydney_2023_42_GM_CIR,150.528288,-34.01305329,150.8639646,-33.9212054
Sydney_2023_43_GM,150.6216429,-33.5881328,150.7937023,-33.49192932
Sydney_2023_43_GM_CIR,150.6216429,-33.5881328,150.7937023,-33.49192932
Sydney_2023_44_GM,150.7691031,-33.74107428,150.983579,-33.70097472
Sydney_2023_44_GM_CIR,150.7691031,-33.74107428,150.983579,-33.70097472
Sydney_2023_4_GM,150.913684,-33.99634478,151.3264263,-33.71578216
Sydney_2023_4_GM_CIR,150.913684,-33.99634478,151.3264263,-33.71578216
Sydney_2023_7_GM,151.152844,-34.03563471,151.3119522,-33.71963592
Sydney_2023_7_GM_CIR,151.152844,-34.03563471,151.3119522,-33.71963592
Sydney_2023_8_GM,150.9892968,-34.11123947,151.2454293,-33.96929121
Sydney_2023_8_GM_CIR,150.9892968,-34.11123947,151.2454293,-33.96929121
Sydney_2023_9_GM,150.5982654,-33.74322982,150.6892893,-33.4991439
Sydney_2023_9_GM_CIR,150.5982654,-33.74322982,150.6892893,-33.4991439
Tamworth_2023_1_GM,150.8149493,-31.18306984,150.9997975,-30.98944051
Tamworth_2023_1_GM_CIR,150.8149493,-31.18306984,150.9997975,-30.98944051
Tronox_2023_2_GM,144.1528874,-32.92238431,144.2819442,-32.89016993
TweedHeads_2023_1_GM,153.3495111,-28.427719,153.605328,-28.15111553
TweedHeads_2023_1_GM_CIR,153.3495111,-28.427719,153.605328,-28.15111553
TweedHeads_2023_3_GM,153.355186,-28.2312898,153.5927891,-28.15059388
TweedHeads_2023_3_GM_CIR,153.355186,-28.2312898,153.5927891,-28.15059388
TweedHeads_2023_4_GM,153.3496878,-28.42785347,153.5916413,-28.2257885
TweedHeads_2023_4_GM_CIR,153.3496878,-28.42785347,153.5916413,-28.2257885
Ulladulla_2023_1_GM,150.3825243,-35.44385104,150.6556656,-34.96626048
Ulladulla_2023_1_GM_CIR,150.3825243,-35.44385104,150.6556656,-34.96626048
WaggaWagga_2023_2_GM,147.2669809,-35.21260292,147.5027123,-35.03142166
Wallenbeen_2023_1_GM,148.1485972,-34.53043152,148.1641689,-34.51672591
Werris_Creek_2023_1_GM,150.6245968,-31.37209083,150.6583085,-31.32988662
WestGoulburn_GapCreek_2023_1_GM,149.0310831,-34.79396206,149.3112119,-34.74498402
WestGoulburn_GapCreek_2023_2_GM,149.3083966,-34.79851325,149.6844557,-34.75198783
Willandra_Siding_2023_1_GM,144.9891216,-33.02495499,145.0209543,-33.01221988
Wollongong_2023_2_GM,150.630397,-34.59086672,151.0536532,-34.08935863
Wollongong_2023_2_GM_CIR,150.630397,-34.59086672,151.0536532,-34.08935863
Wollongong_2023_4_GM,150.6963252,-34.60204569,151.1663624,-34.09194843
Wollongong_2023_4_GM_CIR,150.6963252,-34.60204569,151.1663624,-34.09194843
Wollongong_2023_5_GM,150.6265107,-34.58923038,151.0584199,-34.07941039
Wollongong_2023_5_GM_CIR,150.6265107,-34.58923038,151.0584199,-34.07941039
Armidale_2024_1_GM,151.5423517,-30.61006967,151.7841761,-30.16647968
BallinaByronLismore_2024_1_GM,153.4531096,-28.74007089,153.6477544,-28.42027378
BallinaByronLismore_2024_1_GM_CIR,153.4531096,-28.74007089,153.6477544,-28.42027378
BallinaByronLismore_2024_2_GM,153.2193493,-28.79166759,153.6117665,-28.74356002
BallinaByronLismore_2024_2_GM_CIR,153.2193493,-28.79166759,153.6117665,-28.74356002
BallinaByronLismore_2024_4_GM,153.2046645,-28.9005569,153.6166386,-28.7307177
BallinaByronLismore_2024_7_GM,153.2068326,-28.90056884,153.6352329,-28.71235937
BallinaByronLismore_2024_7_GM_CIR,153.2068326,-28.90056884,153.6352329,-28.71235937
BallinaByronLismore_2024_8_GM,153.4437868,-28.71311442,153.6536596,-28.41615321
BallinaByronLismore_2024_8_GM_CIR,153.4437868,-28.71311442,153.6536596,-28.41615321
BatemansBay_2024_1_GM,150.1128661,-35.88184192,150.2683437,-35.64807041
Bathurst_2024_1_GM,149.4990976,-33.4691533,149.648351,-33.35039954
Bathurst_2024_2_GM,149.4990976,-33.4691533,149.648351,-33.35039954
Bathurst_2024_3_GM,149.4744896,-33.5217907,149.7087681,-33.3393011
Bathurst_2024_4_GM,149.4744896,-33.5217907,149.7087681,-33.3393011
BrokenHill_2024_1_GM,141.3779924,-32.03683389,141.5724383,-31.87291477
BrokenHill_2024_1_GM_CIR,141.3779924,-32.03683389,141.5724383,-31.87291477
Calderwood_2024_1_GM,150.7248881,-34.57975251,150.7642065,-34.53887666
CentralCoast_2024_1_GM,151.3167772,-33.32316479,151.6456897,-33.13865747
CentralCoast_2024_2_GM,151.3787485,-33.1548441,151.6756183,-33.08468139
Central_Coast_2024_3_GM,151.016975,-33.58897533,151.461213,-33.42191939
CentralCoast_2024_3_GM,151.3056862,-33.33067976,151.5755191,-33.29833744
Central_Coast_2024_3_GM_CIR,151.016975,-33.58897533,151.461213,-33.42191939
Central_Coast_2024_4_GM,150.9784603,-33.43457466,151.4821263,-33.39541253
CentralCoast_2024_4_GM,151.2679493,-33.36145809,151.5366988,-33.31664273
Central_Coast_2024_5_GM,150.9673433,-33.41827169,151.6391359,-33.18547124
CentralCoast_2024_5_GM,151.1575777,-33.50299011,151.5118673,-33.35320421
CentralCoast_2024_6_GM,151.1328055,-33.57583446,151.437688,-33.49886757
CoffsHarbour_2024_1_GM,152.9756075,-30.45821643,153.1330808,-30.15690652
CoffsHarbour_2024_3_GM,153.1220903,-30.33348999,153.2378476,-29.96866549
CoffsHarbour_2024_3_GM_CIR,153.1220903,-30.33348999,153.2378476,-29.96866549
Corowa_2024_1_GM,146.3267045,-36.08990542,146.5051259,-35.95337339
Corowa_2024_1_GM_CIR,146.3267045,-36.08990542,146.5051259,-35.95337339
Cowra_2024_1_GM,148.6287839,-33.87281329,148.724302,-33.78454852
Cowra_2024_1_GM_CIR,148.6287839,-33.87281329,148.724302,-33.78454852
Dubbo_2024_1_GM,148.5234466,-32.30443277,148.7076121,-32.19275427
Dubbo_2024_1_GM_CIR,148.5234466,-32.30443277,148.7076121,-32.19275427
Federation_2024_1_GM,145.9440828,-36.05106067,146.7108728,-34.8734311
Goulburn_2024_1_GM,150.5436547,-34.1636811,150.9723838,-34.0903739
Goulburn_2024_3_GM,150.4346876,-34.3550079,150.6687427,-34.30024671
Goulburn_2024_4_GM,150.4152857,-34.37781078,150.6291511,-34.34970016
Goulburn_2024_4_GM_CIR,150.4152857,-34.37781078,150.6291511,-34.34970016
Goulburn_SouthernHighlands_2024_1_GM,149.6333949,-34.85363757,150.4140717,-34.56847129
Goulburn_SouthernHighlands_2024_2_GM,150.3284471,-34.61832025,150.6382263,-34.35665957
Grafton_2024_2_GM,152.8652704,-29.74460731,153.0070135,-29.6152094
Grafton_2024_2_GM_CIR,152.8652704,-29.74460731,153.0070135,-29.6152094
Griffith_2024_2_GM,145.9899435,-34.35016019,146.1213161,-34.2305994
Griffith_2024_2_GM_CIR,145.9899435,-34.35016019,146.1213161,-34.2305994
Holsworthy_2024_1_GM,150.7890704,-34.23210385,150.8676409,-34.12976056
Howlong_2024_1_GM,146.6020784,-35.99762178,146.6646729,-35.96268198
Howlong_2024_1_GM_CIR,146.6020784,-35.99762178,146.6646729,-35.96268198
Katoomba_2024_1_GM,150.1851859,-33.7671784,150.6143145,-33.52194423
Kempsey_2024_2_GM,152.7275194,-31.21160324,153.0987303,-30.84805105
Kempsey_2024_2_GM_CIR,152.7275194,-31.21160324,153.0987303,-30.84805105
Kiama_2024_1_GM,150.7234854,-34.77791434,150.9175934,-34.56774056
Kiama_2024_1_GM_CIR,150.7234854,-34.77791434,150.9175934,-34.56774056
Lithgow_2024_1_GM,150.0036327,-33.55020345,150.2160194,-33.35145146
Moree_2024_1_GM,149.7469079,-29.56901089,149.9615758,-29.36084911
Mulwala_2024_1_GM,145.9542701,-36.02404294,146.0470402,-35.95833207
Mulwala_2024_1_GM_CIR,145.9542701,-36.02404294,146.0470402,-35.95833207
Mulwala_2024_2_GM,145.9565551,-36.0235204,146.0436546,-35.9582654
Muswellbrook_2024_1_GM,150.8472732,-32.3344489,150.9442498,-32.19933991
Newcastle_2024_12_GM,151.6402572,-33.10480104,151.9032336,-32.53670861
Newcastle_2024_12_GM_CIR,151.6402572,-33.10480104,151.9032336,-32.53670861
Newcastle_2024_13_GM,151.3426457,-33.10440754,151.6491439,-32.53659215
Newcastle_2024_13_GM_CIR,151.3426457,-33.10440754,151.6491439,-32.53659215
Newcastle_2024_14_GM,151.2718843,-32.9061342,151.3489657,-32.57513406
Newcastle_2024_14_GM_CIR,151.2718843,-32.9061342,151.3489657,-32.57513406
Newcastle_2024_2_GM,151.2703202,-33.10440229,151.5829288,-32.57469656
Newcastle_2024_3_GM,151.5686926,-33.10589535,151.907094,-32.53480722
Newcastle_2024_4_GM,151.5643885,-33.10508769,151.6783855,-32.53517106
Newcastle_2024_5_GM,151.4909026,-32.84211806,151.5333445,-32.65073154
Newcastle_2024_6_GM,151.4501393,-33.10248566,151.529219,-32.84118828
Nowra_2024_2_GM,150.5315055,-34.99163406,150.6503449,-34.79720401
Nowra_2024_2_GM_CIR,150.5315055,-34.99163406,150.6503449,-34.79720401
Oaklands_2024_1_GM,146.1414694,-35.57863597,146.1855156,-35.53161346
Oaklands_2024_1_GM_CIR,146.1414694,-35.57863597,146.1855156,-35.53161346
Orange_2024_1_GM,149.0283453,-33.3355846,149.1622679,-33.22238745
Parkes_2024_1_GM,148.0325363,-33.18383813,148.2197981,-33.06943421
Parkes_2024_1_GM_CIR,148.0325363,-33.18383813,148.2197981,-33.06943421
Penrith_2024_1_GM,150.7151377,-33.76946205,150.7630354,-33.70349836
PortMacquarie_2024_1_GM,152.6381186,-31.51306569,152.9524348,-31.37874328
PortMacquarie_2024_1_GM_CIR,152.6381186,-31.51306569,152.9524348,-31.37874328
PortMacquarie_2024_3_GM,152.6415278,-31.46441359,152.9390824,-31.3841981
PortMacquarie_2024_4_GM,152.6414902,-31.58936184,152.9469845,-31.42782513
Port_Stephens_2024_1_GM,151.9846631,-32.79528515,152.2122781,-32.62897404
SanctuaryPoint_2024_1_GM,150.5232539,-35.23315048,150.7316571,-34.97089848
SanctuaryPoint_2024_1_GM_CIR,150.5232539,-35.23315048,150.7316571,-34.97089848
Singleton_2024_2_GM,151.0922994,-32.6385748,151.2218848,-32.50127063
Singleton_2024_2_GM_CIR,151.0922994,-32.6385748,151.2218848,-32.50127063
Sydney_2024_10_GM,150.8360751,-34.00780569,151.0049075,-33.94455442
Sydney_2024_10_GM_CIR,150.8360751,-34.00780569,151.0049075,-33.94455442
Sydney_2024_11_GM,150.8334677,-34.10477801,151.0039931,-34.00207618
Sydney_2024_11_GM_CIR,150.8334677,-34.10477801,151.0039931,-34.00207618
Sydney_2024_12_GM,150.9856911,-34.10656634,151.2381688,-33.96861935
Sydney_2024_12_GM_CIR,150.9856911,-34.10656634,151.2381688,-33.96861935
Sydney_2024_13_GM,150.7767389,-33.73880106,151.3468013,-33.55831556
Sydney_2024_13_GM_CIR,150.7767389,-33.73880106,151.3468013,-33.55831556
Sydney_2024_14_GM,150.7706635,-33.74145183,150.9799802,-33.49286972
Sydney_2024_17_GM,150.5140609,-34.04108729,150.8661892,-33.50397362
Sydney_2024_20_GM,150.9216797,-34.0061935,151.3252409,-33.7240792
Sydney_2024_21_GM,151.1968918,-33.88081487,151.2218002,-33.83271544
Sydney_2024_22_GM,150.5641863,-33.95571074,150.9503528,-33.72605965
Sydney_2024_23_GM,150.8343865,-34.10873029,151.2681029,-33.94032341
Sydney_2024_29_GM,150.76894,-33.74190118,150.9823836,-33.49243049
Sydney_2024_29_GM_CIR,150.76894,-33.74190118,150.9823836,-33.49243049
Sydney_2024_2_GM,150.4936274,-34.1137623,150.8585847,-34.02685547
Sydney_2024_32_GM,150.7687823,-33.67863258,150.9827382,-33.5867641
Sydney_2024_32_GM_CIR,150.7687823,-33.67863258,150.9827382,-33.5867641
Sydney_2024_36_GM,150.6308323,-33.74168505,151.145683,-33.42088144
Sydney_2024_36_GM_CIR,150.6308323,-33.74168505,151.145683,-33.42088144
Sydney_2024_39_GM,150.6348596,-33.43479418,150.9842046,-33.3921441
Sydney_2024_3_GM,150.5122679,-34.04246069,150.8613601,-33.98436483
Sydney_2024_41_GM,151.1153009,-33.73079134,151.3509855,-33.56289555
Sydney_2024_42_GM,150.766573,-33.95568088,150.9509397,-33.72872477
Sydney_2024_43_GM,151.1150552,-34.05612357,151.1680972,-33.70641598
Sydney_2024_43_GM_CIR,151.1150552,-34.05612357,151.1680972,-33.70641598
Sydney_2024_44_GM,151.1510727,-34.05606886,151.3289364,-33.70502211
Sydney_2024_44_GM_CIR,151.1510727,-34.05606886,151.3289364,-33.70502211
Sydney_2024_45_GM,150.8958033,-34.05577776,150.9998427,-33.70482003
Sydney_2024_45_GM_CIR,150.8958033,-34.05577776,150.9998427,-33.70482003
Sydney_2024_46_GM,150.9747088,-34.05666179,151.1507538,-33.7048464
Sydney_2024_46_GM_CIR,150.9747088,-34.05666179,151.1507538,-33.7048464
Sydney_2024_47_GM,150.7676746,-33.74689802,151.1369611,-33.49382477
Sydney_2024_48_GM,150.5724138,-33.95931123,150.790944,-33.72414007
Sydney_2024_4_GM,150.5676822,-33.95258498,150.7898736,-33.83316485
Sydney_2024_50_GM,150.5455728,-34.15981218,150.8589824,-34.02531506
Sydney_2024_51_GM,150.9875931,-34.1072606,151.1762449,-34.0372452
Sydney_2024_53_GM,151.1176645,-33.74310564,151.3461248,-33.56411226
Sydney_2024_54_GM,150.8362127,-34.10819601,151.0074991,-33.9412934
Sydney_2024_55_GM,150.6262964,-33.65654054,150.7918021,-33.50801393
Sydney_2024_56_GM,150.5896076,-33.67830005,150.7918021,-33.65166268
Sydney_2024_57_GM,150.6332175,-33.51339162,150.9829756,-33.39327766
Sydney_2024_58_GM,150.5453946,-34.15944402,150.8650957,-33.93670864
Sydney_2024_60_GM,150.7677185,-33.74290836,150.9758375,-33.49285639
Sydney_2024_61_GM,150.5697787,-33.96086558,150.7928407,-33.72131357
Sydney_2024_64_GM,151.1906185,-33.892663,151.2261817,-33.82529563
Sydney_2024_66_GM,150.7694797,-33.95344351,150.9476757,-33.73080325
Sydney_2024_67_GM,150.9564632,-33.74731115,151.3469295,-33.55841464
Sydney_2024_68_GM,150.9232253,-34.00471151,151.3086531,-33.80914948
Sydney_2024_69_GM,150.5876528,-33.7392643,150.7926213,-33.66931129
Sydney_2024_70_GM,150.9262349,-33.81554752,151.3242161,-33.72617956
Sydney_2024_71_GM,150.663356,-33.74128764,150.7905022,-33.50080722
Sydney_2024_72_GM,150.9893264,-34.10999441,151.2358612,-33.97126236
Sydney_2024_73_GM,150.5822767,-33.74307252,150.7434519,-33.49964838
Sydney_2024_74_GM,150.5457969,-34.16211931,150.8593124,-34.03114492
Sydney_2024_75_GM,150.5572967,-34.10183686,151.0077659,-33.93411533
Sydney_2024_76_GM,150.6259822,-33.5231493,150.9822933,-33.43706546
Sydney_2024_77_GM,150.6303338,-33.44546723,150.9809889,-33.39540889
Sydney_2024_7_GM,150.4976555,-34.15996723,150.8513346,-34.10157435
Sydney_2024_8_GM,150.7657919,-33.95207094,150.9428896,-33.9271923
Sydney_2024_8_GM_CIR,150.7657919,-33.95207094,150.9428896,-33.9271923
Sydney_2024_9_GM,150.7663614,-33.93026984,150.9476324,-33.72905966
Sydney_2024_9_GM_CIR,150.7663614,-33.93026984,150.9476324,-33.72905966
Tamworth_2024_1_GM,150.8218737,-31.18545933,150.9929545,-30.9887973
Tamworth_2024_1_GM_CIR,150.8218737,-31.18545933,150.9929545,-30.9887973
TweedHeads_2024_2_GM,153.352021,-28.42510854,153.5976706,-28.15061375
TweedHeads_2024_2_GM_CIR,153.352021,-28.42510854,153.5976706,-28.15061375
TweedHeads_2024_3_GM,153.3493315,-28.42475856,153.5957636,-28.15093092
Ulladulla_2024_1_GM,150.3823455,-35.46639964,150.5705627,-35.2207507
Ulladulla_2024_1_GM_CIR,150.3823455,-35.46639964,150.5705627,-35.2207507
Ulladulla_2024_2_GM,150.3610345,-35.459857,150.4920075,-35.22252538
Urana_2024_1_GM,146.2434398,-35.36559301,146.3045553,-35.29630764
Urana_2024_1_GM_CIR,146.2434398,-35.36559301,146.3045553,-35.29630764
WaggaWagga_2024_1_GM,147.2683032,-35.21330109,147.5027829,-35.03062377
Wollongong_2024_11_GM,150.7044328,-34.60438665,151.1654207,-34.08469909
Wollongong_2024_6_GM,150.627423,-34.58657575,151.0430258,-34.08464018
Wollongong_2024_7_GM,150.6880289,-34.60414825,151.1685983,-34.08562648
Wollongong_2024_7_GM_CIR,150.6880289,-34.60414825,151.1685983,-34.08562648
ARTC_A2I_2015_1_GM,146.8333084,-36.12662209,147.8633357,-34.73503003
ARTC_I2S_2015_1_GM,147.6342022,-34.87152152,147.9471599,-34.41887467
ARTC_S2P_2015_1_GM,147.7135306,-34.51892225,148.2118464,-33.0732135
Blue_Mountains_2015_GM_JPEG,150.1975725,-33.78692474,150.6635967,-33.43100278
Central_Coast_2015_GM_JPEG,151.1669454,-33.51073318,151.8576128,-32.73796093
Lower_Hunter_2015_GM_JPEG,151.1242784,-33.14149494,152.2104594,-32.5655734
Newcastle_2015_1_GM_JPEG,151.5460146,-32.96460085,151.900201,-32.77250256
Oberon_2015_1_GM,149.6075229,-34.13667705,150.1419257,-33.56360345
Sydney_2015_1_GM_JPEG,150.4148265,-34.16290913,151.3148123,-33.37585749
Sydney_2015_2_GM_JPEG,151.1796802,-33.89578901,151.2386715,-33.82283593
Tamworth2015_2015_1_GM,150.8291886,-31.18551646,151.0287417,-30.98677355
ARTC_N2N_Central_2014_1_GM,148.4647754,-31.58166454,149.7019281,-30.23576402
ARTC_N2N_North_2014_2_GM,148.9514635,-30.9162658,149.8581724,-30.22344567
ARTC_N2NS_North_2014_1_GM,149.9483505,-29.54485148,150.5176106,-28.90901553
ARTC_N2N_South_2014_1_GM,148.1260758,-32.34286865,148.6537574,-31.52523744
ARTC_N2NS_South_2014_2_GM,149.6804291,-30.37097565,150.5176117,-28.90901201
ARTC_NS2B_2014_1_GM,150.2390271,-28.95759788,150.935361,-28.53142465
ARTC_P2N_2014_1_GM,148.0704851,-33.28140549,148.274141,-32.17029936
BadgerysCreek_2014_GM,150.6824329,-33.95492306,150.792496,-33.86904059
Blacktown_2014_GM,150.8648154,-33.70944134,150.906872,-33.6896022
Blue_Mountains_2014_GM_JPEG,150.2086305,-33.77272066,150.6491729,-33.44924583
Central_Coast_2014_GM_JPEG,151.128075,-33.572585,151.857613,-32.738292
Illawarra_2014_GM_JPEG,150.6347415,-34.64738914,151.1787189,-34.08213677
Sydney_2014_GM_JPEG,150.4258982,-34.17814191,151.3513099,-33.35033009
ARTC_N2N_Central_2017_1_GM,148.4300124,-31.54522084,148.6806778,-31.25426166
ARTC_N2N_North_2017_1_GM,149.0396539,-30.88773915,149.767766,-30.34306652
ARTC_N2NS_North_2017_1_GM,149.9653087,-29.40508627,150.3950045,-28.91169539
ARTC_N2N_South_2017_1_GM,148.2421713,-32.28744471,148.5714852,-31.62550797
ARTC_N2NS_South_2017_1_GM,149.781261,-30.30538451,149.9677627,-29.39436145
ARTC_P2N_2017_1_GM,148.0668194,-33.15035657,148.241803,-32.19336175
Ashford_2017_1_GM_JPEG,151.0733655,-29.35356753,151.1129945,-29.28923597
Bingara_2017_1_GM_JPEG,150.5229231,-29.88591487,150.6060126,-29.84632763
Boggabri_2017_1_GM_JPEG,149.9332261,-30.72229494,150.4864943,-30.5066028
Boggabri_2017_3_GM_CIR,149.9332261,-30.72229494,150.4864943,-30.5066028
Chaffey_Dam_2017_1_GM,151.0961149,-31.40542657,151.1607806,-31.32334541
Denman_2017_GM_JPEG,150.6615941,-32.40451022,150.7166067,-32.37437045
Inverell_2017_1_GM_JPEG,150.9989087,-29.92146083,151.1889527,-29.71478655
Muswellbrook_2017_GM_JPEG,150.7671956,-32.32380981,150.9504918,-32.20170716
Muswellbrook_Shire_2017_GM_JPEG,150.1910859,-32.85296678,151.1964166,-32.11527931
Newcastle_2017_1_GM_JPEG,151.5772135,-32.98200487,151.8467054,-32.72813821
Newcastle_2017_2_GM_JPEG,151.7485921,-32.93739059,151.8075891,-32.91048991
Newcastle_2017_3_GM_JPEG,151.588195,-32.96418291,151.8249961,-32.74617442
SandyHollow_2017_GM_JPEG,150.5453083,-32.35301857,150.5881427,-32.31742251
Sydney_2017_1_GM_JPEG,151.1402921,-33.93230838,151.3148129,-33.7873002
Tamworth_2017_2_GM,150.8262023,-31.18487857,151.0903573,-30.98623954
Warialda_2017_1_GM_JPEG,150.5395004,-29.55722915,150.6081395,-29.52151311
ARTC_N2N_Priority1_2010_1_GM,147.6349097,-32.03715291,148.190244,-31.55346325
ARTC_N2N_Priority1CIR_2010_1_GM,147.6349097,-32.03715291,148.190244,-31.55346325
ARTC_N2N_Priority2_2010_1_GM,147.9536335,-32.26064059,148.4316995,-31.85677661
ARTC_N2N_Priority2CIR_2010_1_GM,147.9536335,-32.26064059,148.4316995,-31.85677661
Bendemeer_2010_1_GM,151.1278436,-30.91861953,151.1833289,-30.82884374
Central_Coast_2010_GM_JPEG,150.978375,-33.59061638,152.2110146,-32.56557339
SplitRockDam_2010_1_GM,150.5739599,-30.60471286,150.7302007,-30.3675641
Tamworth2010_2010_1_GM,150.8909104,-31.14504255,150.9668912,-31.02724197
ARTC_N2NS_SP2_GwydirMeehi_2011_1_GM,149.5717503,-29.79749049,150.4898807,-29.34491935
Dubbo_2011_1_GM_JPEG,148.5475333,-32.29407288,148.6736291,-32.17586096
Sydney_2011_GM,150.1033832,-34.17819396,151.3513462,-33.4490242
ARTC_N2NS_SP2_Moree_2012_1_GM,149.7068954,-29.53001364,149.9388864,-29.37640779
Barraba_2008_1_GM,150.5850655,-30.40443006,150.6235157,-30.36226886
Chaffey_2008_1_GM,151.3435773,-31.41719984,151.3626549,-31.37818205
Manilla_2008_1_GM,150.6960183,-30.77386517,150.749314,-30.72630116
Nundle_2008_1_GM,151.1083628,-31.48643593,151.1501872,-31.32805911
Tamworth_2008_1_GM,150.8155036,-31.14395114,150.9961744,-31.00517377
Barraba_2016_1_GM,150.5825154,-30.40799128,150.6302391,-30.36004154
Blue_Mountains_2016_GM_JPEG,150.1039304,-33.76542862,150.5991711,-33.44133328
Central_Coast_2016_GM_JPEG,151.1171267,-33.56371367,151.8356761,-32.78224667
Illawarra_2016_GM_JPEG,150.5881945,-34.79889606,150.9565396,-34.29629662
Manilla_2016_1_GM,150.6985051,-30.77736193,150.7466891,-30.72228366
Nundle_2016_1_GM,151.1056516,-31.48893312,151.1535263,-31.44255398
Sydney_2016_1_GM_JPEG,150.9468015,-34.30586848,151.3513375,-33.44426307
Sydney_2016_2_GM_JPEG,150.5927828,-33.74723055,151.1601443,-33.36864864
Sydney_2016_3_GM_JPEG,150.4315291,-34.33554978,150.9595807,-33.74062071
Tamworth_2016_2_GM,150.8290789,-31.18555255,151.0292391,-30.98717523
Wollongong_2016_1_GM_CIR,150.6238557,-34.56664763,151.080795,-34.11111404
Blue_Mountains_2007_GM_JPEG,150.1633603,-33.81022143,150.6904686,-33.44445219
Central_Coast_2007_GM_JPEG,151.1280748,-33.59061638,152.1891222,-32.58020481
Sydney_2007_GM_JPEG,150.5779357,-34.17776211,151.3505707,-33.55254869
Illawarra_1948_GM_JPEG,150.6079441,-34.57895381,151.0747386,-34.12133308
Illawarra_1961_GM_JPEG,150.7433146,-34.67336251,151.0125226,-34.17146395
Sydney_1961_GM_JPEG,151.1400553,-33.9037138,151.2157361,-33.84955998
Lithgow_2009_GM_JPEG,150.0851185,-33.53075992,150.2638956,-33.38233842
Sydney_2009_GM_JPEG,150.5771695,-34.17819393,151.3513461,-33.52539591
Sydney_1943_1_GM_JPEG,150.2119714,-34.1700773,151.3266469,-33.55289463
Sydney_1982_GM_JPEG,151.1513234,-33.89513664,151.2160725,-33.83173295
Sydney_2000_1_GM_JPEG,150.6569113,-34.03984776,151.3171343,-33.6527775
Sydney_2005_GM,150.5784426,-34.19734253,151.3511756,-33.36882315
